{"modificationTime":1490027862729,"categories":[{"name":"Uncategorized","type":"layer","index":0},{"name":"Colors","type":"color"},{"name":"Text Styles","type":"textstyle"},{"name":"Toolbars","type":"layer"},{"name":"Tabs","type":"layer"},{"name":"Toasts","type":"layer"},{"name":"Steppers","type":"layer"},{"name":"Bottom toolbar","type":"layer"},{"name":"Bottom navigation","type":"layer"},{"name":"Lists","type":"layer"},{"name":"Modal bottom sheets","type":"layer"},{"name":"Persistent bottom sheets","type":"layer"},{"name":"Expansion panels","type":"layer"},{"name":"Menus","type":"layer"},{"name":"Text fields","type":"layer"},{"name":"Keyboards","type":"layer"},{"name":"Dialogs & Cards","type":"layer"},{"name":"Navigation Icons","type":"layer"},{"name":"Buttons","type":"layer"},{"name":"Selection controls","type":"layer"}],"name":"Material Design GUI","groups":[]}